beta_k,beta_k1,feature,delta_P_component,delta_C_component_diagnostic_only,delta_D,crack
-50,-25,NLP,0.17582362574684085,0.0,0.17582362574684085,False
-50,-25,Sentiment,0.17536770191323237,0.0,0.17536770191323237,False
-50,-25,Predictive,0.17523951689387393,0.0,0.17523951689387393,False
-50,-25,Causal AI,0.17512714493910037,0.0,0.17512714493910037,False
-50,-25,Automated ESG,0.17498208454701583,0.0,0.17498208454701583,False
-50,-25,Fraud & Greenwashing,0.17536992335204973,3.5527136788005005e-06,0.17536992335204973,False
-50,-25,XAI,0.1750828850458378,7.105427357601001e-06,0.1750828850458378,False
-50,-25,Federated Learning,0.17525305060517132,3.5527136788005005e-06,0.17525305060517132,False
-50,-25,Secure ESG,0.17535440331206273,3.5527136788005005e-06,0.17535440331206273,False
-25,0,NLP,0.15663514977314127,1.7763568394002503e-06,0.15663514977314127,False
-25,0,Sentiment,0.1562359282005498,1.7763568394002503e-06,0.1562359282005498,False
-25,0,Predictive,0.15611954360653124,0.0,0.15611954360653124,False
-25,0,Causal AI,0.15602715373392656,3.5527136788005005e-06,0.15602715373392656,False
-25,0,Automated ESG,0.15590742922583703,1.7763568394002503e-06,0.15590742922583703,False
-25,0,Fraud & Greenwashing,0.1562538175507765,1.7763568394002503e-06,0.1562538175507765,False
-25,0,XAI,0.15596266067883008,3.5527136788005005e-06,0.15596266067883008,False
-25,0,Federated Learning,0.15613896183719028,1.7763568394002503e-06,0.15613896183719028,False
-25,0,Secure ESG,0.15622805917490615,1.7763568394002503e-06,0.15622805917490615,False
0,25,NLP,0.14042422015114941,3.5527136788005005e-06,0.14042422015114941,False
0,25,Sentiment,0.1400720618868689,3.5527136788005005e-06,0.1400720618868689,False
0,25,Predictive,0.13996645774366298,1.7763568394002503e-06,0.13996645774366298,False
0,25,Causal AI,0.13989096663308637,5.329070518200751e-06,0.13989096663308637,False
0,25,Automated ESG,0.13979262501278183,3.5527136788005005e-06,0.13979262501278183,False
0,25,Fraud & Greenwashing,0.14010387764750798,3.5527136788005005e-06,0.14010387764750798,False
0,25,XAI,0.13980938224060718,5.329070518200751e-06,0.13980938224060718,False
0,25,Federated Learning,0.13999086632063987,1.7763568394002503e-06,0.13999086632063987,False
0,25,Secure ESG,0.14006961617637678,3.5527136788005005e-06,0.14006961617637678,False
25,50,NLP,0.12660513194879144,1.7763568394002503e-06,0.12660513194879144,False
25,50,Sentiment,0.12629229946806875,0.0,0.12629229946806875,False
25,50,Predictive,0.1261966507255933,7.105427357601001e-06,0.1261966507255933,False
25,50,Causal AI,0.12613558074976705,0.0,0.12613558074976705,False
25,50,Automated ESG,0.12605544559619183,3.5527136788005005e-06,0.12605544559619183,False
25,50,Fraud & Greenwashing,0.1263366334156904,3.5527136788005005e-06,0.1263366334156904,False
25,50,XAI,0.12603943106485432,5.329070518200751e-06,0.12603943106485432,False
25,50,Federated Learning,0.12622533058811586,1.7763568394002503e-06,0.12622533058811586,False
25,50,Secure ESG,0.12629526554646103,1.7763568394002503e-06,0.12629526554646103,False
