beta_k,beta_k1,criterion,kappa_A,CR_beta_k,CR_beta_k1,criterion_crack,cr_warning,transition_admissible,crack
-0.5,-0.25,Effectiveness,0.17509122085824735,0.016936196591969436,0.03891201665025458,False,False,True,False
-0.5,-0.25,Regulatory Compliance,0.9157093302359618,0.016936196591969436,0.03891201665025458,True,False,True,True
-0.5,-0.25,Data Privacy,0.8244574918898548,0.016936196591969436,0.03891201665025458,True,False,True,True
-0.5,-0.25,Integration,0.0686555778302278,0.016936196591969436,0.03891201665025458,False,False,True,False
-0.5,-0.25,Scalability,0.5944645973864109,0.016936196591969436,0.03891201665025458,True,False,True,True
-0.5,-0.25,Stakeholder Acceptance,0.20217344273318538,0.016936196591969436,0.03891201665025458,False,False,True,False
-0.5,-0.25,Innovation Potential,0.501465985532457,0.016936196591969436,0.03891201665025458,True,False,True,True
-0.5,-0.25,Time-to-Insight,0.7038955427490361,0.016936196591969436,0.03891201665025458,True,False,True,True
-0.5,-0.25,Cost Efficiency,0.6264196876724899,0.016936196591969436,0.03891201665025458,True,False,True,True
-0.5,-0.25,Implementation Complexity,1.0094821987655873,0.016936196591969436,0.03891201665025458,True,False,True,True
-0.5,-0.25,Data Dependency,0.9631657973674326,0.016936196591969436,0.03891201665025458,True,False,True,True
-0.25,0.0,Effectiveness,0.2845022661134724,0.03891201665025458,0.07120049900716695,False,False,True,False
-0.25,0.0,Regulatory Compliance,0.7744922340007268,0.03891201665025458,0.07120049900716695,True,False,True,True
-0.25,0.0,Data Privacy,0.6747176597747151,0.03891201665025458,0.07120049900716695,True,False,True,True
-0.25,0.0,Integration,0.15682612441334953,0.03891201665025458,0.07120049900716695,False,False,True,False
-0.25,0.0,Scalability,0.7172349943617,0.03891201665025458,0.07120049900716695,True,False,True,True
-0.25,0.0,Stakeholder Acceptance,0.32145174320735137,0.03891201665025458,0.07120049900716695,True,False,True,True
-0.25,0.0,Innovation Potential,0.5851000549474143,0.03891201665025458,0.07120049900716695,True,False,True,True
-0.25,0.0,Time-to-Insight,0.7791962772526357,0.03891201665025458,0.07120049900716695,True,False,True,True
-0.25,0.0,Cost Efficiency,0.7005553504121007,0.03891201665025458,0.07120049900716695,True,False,True,True
-0.25,0.0,Implementation Complexity,1.1036953591398504,0.03891201665025458,0.07120049900716695,True,False,True,True
-0.25,0.0,Data Dependency,1.0707642402712203,0.03891201665025458,0.07120049900716695,True,False,True,True
