Feature,WeightedDegree,Rank_WeightedDegree,EigenvectorCentrality,Rank_EigenvectorCentrality,DplusR_baseline,Rank_DplusR_baseline,Direct_part,Indirect_part,Indirect_share,Rank_IndirectPart,Rank_shift_WD_minus_DR,Rank_shift_EC_minus_DR,Max_abs_shift_vs_centrality,Flag_shift_ge_threshold,Heuristic_indirect_rank_consistent,Rank_paths_len_le_1,Rank_paths_len_le_2,Rank_paths_len_le_3,Rank_paths_len_le_4,Rank_paths_len_le_5,Rank_paths_len_le_6,Rank_paths_all,Min_path_length_reproducing_final_rank,Reference_measure,Gap_direct_only,Gap_final,Indirect_path_ablation_verdict,Shift_explained_by_indirect_paths,Interpretation,DplusR_star_amplified,Rank_DplusR_star_amplified,Rank_shift_WD_minus_DRstar,Rank_shift_EC_minus_DRstar,Flag_shift_star_ge_threshold
XAI,53.375,1,0.11762424552263076,1,32.70437098557039,1,1.9999999999999996,30.704370985570392,0.9388460948879761,1,0,0,0,False,,1,1,1,1,1,1,1,2,,,,NO_SHIFT_TO_EXPLAIN,,rank essentially unchanged (|shift| < 2) -> ablation: NO_SHIFT_TO_EXPLAIN,32.74304013478219,1,0,0,False
Predictive,51.583333333333336,2,0.1141581142060219,2,31.733409813846443,2,1.9328649492583918,29.80054486458805,0.9390905370523714,2,0,0,0,False,,2,2,2,2,2,2,2,2,,,,NO_SHIFT_TO_EXPLAIN,,rank essentially unchanged (|shift| < 2) -> ablation: NO_SHIFT_TO_EXPLAIN,31.772492434301395,2,0,0,False
NLP,51.20833333333333,3,0.11314047808556597,3,31.453035388299888,3,1.9188134270101482,29.534221961289738,0.9389943322378379,3,0,0,0,False,,3,3,3,3,3,3,3,2,,,,NO_SHIFT_TO_EXPLAIN,,rank essentially unchanged (|shift| < 2) -> ablation: NO_SHIFT_TO_EXPLAIN,31.497227097988308,3,0,0,False
Federated Learning,50.541666666666664,4,0.11214902579968665,4,31.17060108132631,4,1.8938329430132708,29.276768138313038,0.9392429764805584,4,0,0,0,False,,4,4,4,4,4,4,4,2,,,,NO_SHIFT_TO_EXPLAIN,,rank essentially unchanged (|shift| < 2) -> ablation: NO_SHIFT_TO_EXPLAIN,31.209371409195942,4,0,0,False
Causal AI,50.5,5,0.11213091208058577,5,31.164493018112953,5,1.892271662763466,29.272221355349487,0.9392811664972804,5,0,0,0,False,,5,5,5,5,5,5,5,2,,,,NO_SHIFT_TO_EXPLAIN,,rank essentially unchanged (|shift| < 2) -> ablation: NO_SHIFT_TO_EXPLAIN,31.201911367035994,5,0,0,False
Secure ESG,50.416666666666664,6,0.11185437562144247,6,31.088886032029656,6,1.8891491022638562,29.1997369297658,0.9392339403760707,6,0,0,0,False,,6,6,6,6,6,6,6,2,,,,NO_SHIFT_TO_EXPLAIN,,rank essentially unchanged (|shift| < 2) -> ablation: NO_SHIFT_TO_EXPLAIN,31.128403362715943,6,0,0,False
Automated ESG,49.791666666666664,7,0.1108349128219753,7,30.800249096853307,7,1.8657298985167836,28.934519198336524,0.9394248438494807,7,0,0,0,False,,7,7,7,7,7,7,7,2,,,,NO_SHIFT_TO_EXPLAIN,,rank essentially unchanged (|shift| < 2) -> ablation: NO_SHIFT_TO_EXPLAIN,30.836067778912543,7,0,0,False
Fraud & Greenwashing,47.791666666666664,8,0.10668764508936154,8,29.642863756458958,8,1.7907884465261512,27.852075309932808,0.9395878731137793,8,0,0,0,False,,8,8,8,8,8,8,8,2,,,,NO_SHIFT_TO_EXPLAIN,,rank essentially unchanged (|shift| < 2) -> ablation: NO_SHIFT_TO_EXPLAIN,29.680748532656764,8,0,0,False
Sentiment,45.208333333333336,9,0.10142029077272965,9,28.17182944930603,9,1.6939890710382512,26.47784037826778,0.9398693977582637,9,0,0,0,False,,9,9,9,9,9,9,9,2,,,,NO_SHIFT_TO_EXPLAIN,,rank essentially unchanged (|shift| < 2) -> ablation: NO_SHIFT_TO_EXPLAIN,28.208233446901545,9,0,0,False
