,NLP,Sentiment,Predictive,Causal AI,Automated ESG,Fraud & Greenwashing,XAI,Federated Learning,Secure ESG
NLP,1.686139859289821,1.6323688830390555,1.8087194712784749,1.7719611149811691,1.7490088549014675,1.6848482432443503,1.863035531188246,1.7811757463699078,1.771355844701663
Sentiment,1.6323688830390553,1.353221729190217,1.6198913617755857,1.5868148599181262,1.5559700611648517,1.5100573002359896,1.6658509047986374,1.590078026289999,1.589863597038309
Predictive,1.8087194712784749,1.6198913617755855,1.715729219512606,1.8045010140437132,1.7823631600151753,1.6998206536935478,1.877628259192293,1.7910671465207528,1.786525931118549
Causal AI,1.7719611149811694,1.5868148599181262,1.8045010140437137,1.654890686224075,1.747178889362604,1.6761371418444988,1.8532463803094439,1.7571352368573376,1.7490903599770307
Automated ESG,1.7490088549014675,1.5559700611648524,1.7823631600151753,1.7471788893626035,1.6167191250537956,1.6603497316984963,1.8276146075686104,1.7434365670490028,1.7353928926422661
Fraud & Greenwashing,1.6848482432443503,1.5100573002359898,1.6998206536935478,1.676137141844499,1.6603497316984965,1.497193890346744,1.7631452477907181,1.6745818831513568,1.6742401743226802
XAI,1.8630355311882463,1.6658509047986374,1.8776282591922935,1.8532463803094439,1.8276146075686106,1.7631452477907184,1.8219204031051424,1.8499810325255994,1.8490977009124077
Federated Learning,1.7811757463699074,1.590078026289999,1.7910671465207528,1.757135236857337,1.7434365670490028,1.6745818831513564,1.849981032525599,1.655272722209222,1.7619573436247928
Secure ESG,1.771355844701663,1.5898635970383093,1.786525931118549,1.7490903599770307,1.735392892642266,1.67424017432268,1.8490977009124074,1.7619573436247928,1.6466778370202735
