gamma,feature,D_star,R_star,Prominence_star,Relation_star_sanity_check,spectral_radius
0.0,NLP,15.726517694149944,15.726517694149942,31.453035388299888,1.7763568394002505e-15,0.9392636572486431
0.0,Sentiment,14.085914724653016,14.085914724653017,28.17182944930603,-1.7763568394002505e-15,0.9392636572486431
0.0,Predictive,15.866704906923221,15.866704906923221,31.733409813846443,0.0,0.9392636572486431
0.0,Causal AI,15.582246509056478,15.582246509056475,31.164493018112953,3.552713678800501e-15,0.9392636572486431
0.0,Automated ESG,15.400124548426652,15.400124548426653,30.800249096853307,-1.7763568394002505e-15,0.9392636572486431
0.0,Fraud & Greenwashing,14.82143187822948,14.821431878229479,29.642863756458958,1.7763568394002505e-15,0.9392636572486431
0.0,XAI,16.352185492785196,16.352185492785196,32.70437098557039,0.0,0.9392636572486431
0.0,Federated Learning,15.585300540663155,15.585300540663157,31.17060108132631,-1.7763568394002505e-15,0.9392636572486431
0.0,Secure ESG,15.544443016014828,15.54444301601483,31.088886032029656,-1.7763568394002505e-15,0.9392636572486431
0.5,NLP,15.738326537890005,15.738326537890002,31.476653075780007,3.552713678800501e-15,0.9393017380018523
0.5,Sentiment,14.095642438552558,14.09564243855256,28.19128487710512,-1.7763568394002505e-15,0.9393017380018523
0.5,Predictive,15.8771483742018,15.8771483742018,31.7542967484036,0.0,0.9393017380018523
0.5,Causal AI,15.59224525460286,15.592245254602862,31.184490509205723,-1.7763568394002505e-15,0.9393017380018523
0.5,Automated ESG,15.409695846048265,15.409695846048265,30.81939169209653,0.0,0.9393017380018523
0.5,Fraud & Greenwashing,14.831555280232676,14.831555280232676,29.663110560465352,0.0,0.9393017380018523
0.5,XAI,16.36251847763134,16.36251847763134,32.72503695526268,0.0,0.9393017380018523
0.5,Federated Learning,15.595660561604944,15.595660561604939,31.19132112320988,5.329070518200751e-15,0.9393017380018523
0.5,Secure ESG,15.555002657373898,15.555002657373898,31.110005314747795,0.0,0.9393017380018523
1.0,NLP,15.748613548994152,15.748613548994154,31.497227097988308,-1.7763568394002505e-15,0.9393348731812102
1.0,Sentiment,14.104116723450772,14.104116723450772,28.208233446901545,0.0,0.9393348731812102
1.0,Predictive,15.886246217150697,15.886246217150697,31.772492434301395,0.0,0.9393348731812102
1.0,Causal AI,15.600955683517997,15.600955683517997,31.201911367035994,0.0,0.9393348731812102
1.0,Automated ESG,15.41803388945627,15.418033889456272,30.836067778912543,-1.7763568394002505e-15,0.9393348731812102
1.0,Fraud & Greenwashing,14.84037426632838,14.840374266328382,29.680748532656764,-1.7763568394002505e-15,0.9393348731812102
1.0,XAI,16.3715200673911,16.371520067391096,32.74304013478219,3.552713678800501e-15,0.9393348731812102
1.0,Federated Learning,15.604685704597971,15.604685704597971,31.209371409195942,0.0,0.9393348731812102
1.0,Secure ESG,15.564201681357973,15.564201681357972,31.128403362715943,1.7763568394002505e-15,0.9393348731812102
1.5,NLP,15.757655102395113,15.757655102395113,31.515310204790225,0.0,0.9393639674683476
1.5,Sentiment,14.11156517532112,14.111565175321124,28.223130350642244,-3.552713678800501e-15,0.9393639674683476
1.5,Predictive,15.894242767206654,15.894242767206656,31.78848553441331,-1.7763568394002505e-15,0.9393639674683476
1.5,Causal AI,15.608611720572384,15.608611720572387,31.21722344114477,-3.552713678800501e-15,0.9393639674683476
1.5,Automated ESG,15.42536260780665,15.42536260780665,30.8507252156133,0.0,0.9393639674683476
1.5,Fraud & Greenwashing,14.848125690961457,14.848125690961457,29.696251381922913,0.0,0.9393639674683476
1.5,XAI,16.379432010901173,16.37943201090117,32.75886402180234,3.552713678800501e-15,0.9393639674683476
1.5,Federated Learning,15.612618350762295,15.61261835076229,31.225236701524587,5.329070518200751e-15,0.9393639674683476
1.5,Secure ESG,15.572287145926731,15.572287145926731,31.144574291853463,0.0,0.9393639674683476
2.0,NLP,15.765664470833968,15.765664470833967,31.531328941667937,1.7763568394002505e-15,0.9393897175713963
2.0,Sentiment,14.11816343282137,14.11816343282137,28.23632686564274,0.0,0.9393897175713963
2.0,Predictive,15.90132657913155,15.901326579131554,31.802653158263105,-3.552713678800501e-15,0.9393897175713963
2.0,Causal AI,15.615393889749509,15.615393889749505,31.230787779499014,3.552713678800501e-15,0.9393897175713963
2.0,Automated ESG,15.4318548107905,15.431854810790501,30.863709621581002,-1.7763568394002505e-15,0.9393897175713963
2.0,Fraud & Greenwashing,14.854992337594904,14.854992337594906,29.70998467518981,-1.7763568394002505e-15,0.9393897175713963
2.0,XAI,16.3864408696547,16.386440869654695,32.7728817393094,3.552713678800501e-15,0.9393897175713963
2.0,Federated Learning,15.619645549559609,15.619645549559609,31.239291099119217,0.0,0.9393897175713963
2.0,Secure ESG,15.579449709042837,15.579449709042835,31.158899418085674,1.7763568394002505e-15,0.9393897175713963
