Criterion,kappa_bar_full,ESI_full,kappa_bar_CR,ESI_CR,ESI_abs_diff,Rank_ESI_full,Rank_ESI_CR,rank_shift_CR_minus_full,n_admissible_transitions
Effectiveness,0.32689093071140496,0.7211623954066779,0.22979674348585988,0.7946951130472251,0.07353271764054714,2,2,0,2
Regulatory Compliance,0.7173367531419665,0.4880503251483871,0.8451007821183443,0.42951406869166964,0.05853625645671745,6,9,3,2
Data Privacy,0.6124296317889735,0.5420323289625395,0.749587575832285,0.4725614083021947,0.06947092066034483,5,8,3,2
Integration,0.1843404458123623,0.8316526229727077,0.11274085112178867,0.8933821491014182,0.06172952612871052,1,1,0,2
Scalability,0.7648534776454947,0.4654021177928356,0.6558497958740555,0.5190008303706625,0.05359871257782689,8,5,-3,2
Stakeholder Acceptance,0.3649712056282559,0.6942166401221952,0.2618125929702684,0.769655248996869,0.0754386088746738,3,3,0,2
Innovation Potential,0.6108834192447152,0.5428710744212456,0.5432830202399357,0.5808382151276948,0.03796714070644924,4,4,0,2
Time-to-Insight,0.8021101824239136,0.44838179773298176,0.7415459100008359,0.47637691016624367,0.027995112433261915,9,7,-2,2
Cost Efficiency,0.7296015560583173,0.48210104206617865,0.6634875190422953,0.5150519451467253,0.0329509030805466,7,6,-1,2
Implementation Complexity,1.1443475276530268,0.31843161784882656,1.0565887789527189,0.34763966573045035,0.02920804788162379,11,11,0,2
Data Dependency,1.1136610539526401,0.3283546338367796,1.0169650188193264,0.3616910014516981,0.03333636761491848,10,10,0,2
