,Effectiveness,Regulatory Compliance,Data Privacy,Integration,Scalability,Stakeholder Acceptance,Innovation Potential,Time-to-Insight,Cost Efficiency,Implementation Complexity,Data Dependency
Effectiveness,1.0,0.38456674949258085,0.41724266379353186,1.026925508000308,2.6347110897410846,0.7942323244271056,2.9443436375338963,2.238245879097871,1.0500434878698206,1.0777082649453875,1.187965708534729
Regulatory Compliance,2.600328815009245,1.0,1.038447082864229,4.175106363289011,5.560657300107084,4.647288872312554,4.265019970597724,6.353146981580224,5.689202878179597,6.091069081016369,4.960950432216826
Data Privacy,2.3966868366434344,0.9629763677912362,1.0,2.784824028422573,5.110561912029098,3.7383005396157905,4.565608955278411,5.129864424450268,5.599487824683391,5.472863547023987,6.963828630035883
Integration,0.9737804662650372,0.23951485614661874,0.35908911650925274,1.0,2.6880977148723755,0.6079286861218302,1.9851018207745488,2.6074637241606538,4.455579842268715,2.1769698599156073,1.163597460658158
Scalability,0.37954825631309386,0.17983485513137853,0.19567319938855018,0.3720102861095128,1.0,0.9962507252751797,1.72292043947177,1.4964853259277733,1.2935385830486112,1.9663552307727354,1.6082395340581226
Stakeholder Acceptance,1.2590774377274538,0.2151792211492948,0.26750123201779186,1.6449297801347673,1.0037633846879106,1.0,2.0806782531697228,2.5473247145277518,1.6266646511854848,2.268768353790222,1.7169178441468118
Innovation Potential,0.3396342693333083,0.23446549064103314,0.21902883269139284,0.5037524974964857,0.5804098535777948,0.4806125110773814,1.0,2.9200732870517854,1.9592942638209798,2.9443436375338963,1.4990159191904506
Time-to-Insight,0.4467784390171878,0.15740230832047727,0.19493692566878373,0.38351444383829403,0.668232412756892,0.3925687189767599,0.3424571583303093,1.0,1.995898411423731,3.4901821825446855,1.6697586506396893
Cost Efficiency,0.9523415092346873,0.17577154856533697,0.17858776218636435,0.22443767935955442,0.7730731909389207,0.6147548600574909,0.510387856722358,0.5010275043441071,1.0,3.447776124961969,3.2022815078034625
Implementation Complexity,0.9278948974662217,0.1641747920930061,0.1827197026579945,0.45935408588466453,0.5085551096517904,0.4407677841280676,0.3396342693333083,0.2865179946769718,0.29004203398242123,1.0,2.076332618527683
Data Dependency,0.8417751394806072,0.20157427768395275,0.1435991683779914,0.8594037317977443,0.6217979217788956,0.5824390511224083,0.667104323041515,0.598888946984582,0.31227735524286526,0.48161840308085846,1.0
