Primary_Rank,Feature,TOPSIS_RC,FSI,DR,SRPI,SRPI_Rank,SRPI_minmax,SRPI_minmax_Rank
1,Federated Learning,0.8244136298260936,0.8612227886474594,31.209371409195946,1.0,1,1.0,1
2,Secure ESG,0.7993382567651096,0.8611497740755445,31.128403362715943,0.9574248921284637,2,0.8754912751894555,2
3,Fraud & Greenwashing,0.7266588965216585,0.8611246056713803,29.680748532656764,0.6972946199888459,3,0.6193536100290997,5
4,Automated ESG,0.5747045522659696,0.8614102595648067,30.836067778912543,0.6466048427091932,4,0.8511815680843736,3
5,XAI,0.4514078666051979,0.8613764984038008,32.74304013478219,0.6286611224409329,5,0.7829447230104205,4
6,Causal AI,0.4290267801568266,0.8613148073152694,31.201911367035997,0.49317152781359885,6,0.5591268747938722,6
7,Predictive,0.3912678471009146,0.8612413138310113,31.772492434301395,0.4785415441632176,7,0.4901816036299233,7
8,NLP,0.3624201661782822,0.8608181266328746,31.497227097988308,0.42376207509687575,8,0.27906228676266565,8
9,Sentiment,0.0436025709201665,0.8611453289914297,28.208233446901545,0.0,9,0.0,9
