Feature,RC,FSI,DR,V_abs,V_minmax,SRPI_abs,SRPI_minmax,SRPI_V0,Rank_TOPSIS,Rank_SRPI_abs,Rank_SRPI_minmax,Rank_SRPI_V0
Federated Learning,0.8244136298260936,0.8612227886474594,31.209371409195946,0.13877721135254062,0.31660275407918975,1.0,1.0,1.0,1,1,1,1
Secure ESG,0.7993382567651096,0.8611497740755445,31.128403362715943,0.1388502259244555,0.43991049099789425,0.9574248921284637,0.8754912751894555,0.95748627899847,2,2,2,2
Fraud & Greenwashing,0.7266588965216585,0.8611246056713803,29.680748532656764,0.13887539432861973,0.4824151428496263,0.6972946199888459,0.6193536100290997,0.6973547392644268,3,3,5,3
Automated ESG,0.5747045522659696,0.8614102595648067,30.836067778912543,0.13858974043519334,0.0,0.6466048427091932,0.8511815680843736,0.6464983955465564,4,4,3,4
XAI,0.4514078666051979,0.8613764984038008,32.74304013478219,0.13862350159619918,0.05701618526547113,0.6286611224409329,0.7829447230104205,0.6285762670829328,5,5,4,5
Causal AI,0.4290267801568266,0.8613148073152694,31.201911367035997,0.13868519268473056,0.1612007105643843,0.49317152781359885,0.5591268747938722,0.49313167718562806,6,6,6,6
Predictive,0.3912678471009146,0.8612413138310113,31.772492434301395,0.13875868616898868,0.2853172394225196,0.4785415441632176,0.4901816036299233,0.478533759436008,7,7,7,7
NLP,0.3624201661782822,0.8608181266328746,31.497227097988308,0.1391818733671254,0.99999999831119,0.42376207509687575,0.27906228676266565,0.4239126580320661,8,8,8,8
Sentiment,0.0436025709201665,0.8611453289914297,28.208233446901545,0.1388546710085703,0.44741739336317843,0.0,0.0,0.0,9,9,9,9
