Feature,RC_75_25,Rank_TOPSIS_75_25,SRPI_75_25,Rank_SRPI_75_25,SRPI_minmax_75_25,Rank_SRPI_minmax_75_25,RC_raw_FAHP,Rank_TOPSIS_raw_FAHP,SRPI_raw_FAHP,Rank_SRPI_raw_FAHP,SRPI_minmax_raw_FAHP,Rank_SRPI_minmax_raw_FAHP,FSI,DR,TOPSIS_rank_shift_75_25_minus_raw,SRPI_rank_shift_75_25_minus_raw,SRPI_abs_diff_raw_minus_75_25,Flag_SRPI_shift_ge_threshold
Federated Learning,0.8244136298260936,1,1.0,1,1.0,1,0.8429186759064102,1,1.0,1,1.0,1,0.8612227886474594,31.209371409195946,0,0,0.0,False
Secure ESG,0.7993382567651096,2,0.9574248921284637,2,0.8754912751894555,2,0.8137410969568266,2,0.9529912220412445,2,0.8714370255973025,2,0.8611497740755445,31.128403362715943,0,0,-0.004433670087219177,False
Fraud & Greenwashing,0.7266588965216585,3,0.6972946199888459,3,0.6193536100290997,5,0.7780273247068584,3,0.7322109929184042,3,0.6503671601169952,5,0.8611246056713803,29.680748532656764,0,0,0.03491637292955829,False
Automated ESG,0.5747045522659696,4,0.6466048427091932,4,0.8511815680843736,3,0.5715080211073531,4,0.6270072451533658,5,0.8253835648582241,4,0.8614102595648067,30.836067778912543,0,-1,-0.01959759755582735,False
XAI,0.4514078666051979,5,0.6286611224409329,5,0.7829447230104205,4,0.4968873380332993,5,0.6812596330687726,4,0.8484517583021469,3,0.8613764984038008,32.74304013478219,0,1,0.05259851062783971,False
Causal AI,0.4290267801568266,6,0.49317152781359885,6,0.5591268747938722,6,0.3933798225793179,6,0.43575926937631776,6,0.4940364654241163,6,0.8613148073152694,31.201911367035997,0,0,-0.057412258437281094,False
Predictive,0.3912678471009146,7,0.4785415441632176,7,0.4901816036299233,7,0.3375275189730493,8,0.3934650581014703,8,0.4030357144639821,7,0.8612413138310113,31.772492434301395,-1,-1,-0.08507648606174728,False
NLP,0.3624201661782822,8,0.42376207509687575,8,0.27906228676266565,8,0.3642384631693889,7,0.4147212213995774,7,0.2731085654286411,8,0.8608181266328746,31.497227097988308,1,1,-0.009040853697298346,False
Sentiment,0.0436025709201665,9,0.0,9,0.0,9,0.0456437019250871,9,0.0,9,0.0,9,0.8611453289914297,28.208233446901545,0,0,0.0,False
