Criterion,Column,Group,w_star,w_raw,w_75_25,ratio_75_25_over_raw
Effectiveness,Effectiveness,O,0.0807914655130915,0.08079146551309156,0.06900413174572155,0.8541017458649766
Regulatory Compliance,Regulatory Compliance,O,0.2449564527498374,0.24495645274983757,0.20921773395452792,0.8541017458649766
Data Privacy,Data Privacy,O,0.2244177522543275,0.22441775225432764,0.19167559400351503,0.8541017458649766
Integration,Integration,O,0.0895924094202021,0.08959240942020215,0.07652103330204443,0.8541017458649767
Scalability,Scalability,O,0.0536542481988185,0.05365424819881853,0.045826187059683686,0.8541017458649767
Stakeholder Acceptance,Stakeholder,O,0.0794965943268591,0.07949659432685915,0.0678981800048902,0.8541017458649767
Innovation Potential,Innovation,O,0.0580046387186175,0.058004638718617545,0.049541863197838466,0.8541017458649767
Time-to-Insight,Time,O,0.047201960336646,0.04720196033664603,0.04031527673177875,0.8541017458649766
Cost Efficiency,Cost,S,0.0506114047375296,0.05061140473752963,0.10381019258569932,2.05112253105912
Implementation Complexity,Implementation,S,0.0346393585814606,0.03463935858146062,0.07104956884786995,2.05112253105912
Data Dependency,Data Dependency,S,0.0366337151626096,0.036633715162609624,0.0751402385664307,2.0511225310591197
