Method,D_plus,D_minus,RC,Rank,Weighting
Federated Learning,0.04222536869519801,0.19825667244146114,0.8244136298260936,1,75_25
Secure ESG Integration,0.048065530937644395,0.19146957008746684,0.7993382567651096,2,75_25
Fraud & Greenwashing,0.06565920779341555,0.17455057755494183,0.7266588965216585,3,75_25
Automated ESG Scoring,0.1023712010089892,0.1383348812084948,0.5747045522659696,4,75_25
Explainable AI (XAI),0.13197090529274863,0.1085919778752714,0.4514078666051979,5,75_25
Causal AI Risk,0.13740034816539382,0.10324202067133192,0.42902678015682666,6,75_25
Predictive ESG Risk,0.1463249464152213,0.09405162268557142,0.39126784710091467,7,75_25
NLP for ESG Reporting,0.15328747464292317,0.08713335818690868,0.36242016617828227,8,75_25
Sentiment & Reputation,0.2297466651922707,0.010474249467980897,0.043602570920166554,9,75_25
