Criterion,Expert_sheet,mean_m,min_m,max_m,mean_l,mean_u
Cost Efficiency,E1,8.0,7.0,9.0,7.0,8.88888888888889
Cost Efficiency,E2,6.555555555555555,5.0,7.0,5.555555555555555,7.555555555555555
Cost Efficiency,E3,4.0,3.0,5.0,3.0,5.0
Cost Efficiency,E4,6.333333333333333,5.0,8.0,5.333333333333333,7.333333333333333
Cost Efficiency,E5,6.777777777777778,1.0,9.0,6.0,6.888888888888889
Cost Efficiency,E6,6.555555555555555,5.0,7.0,5.555555555555555,7.555555555555555
Cost Efficiency,E7,5.666666666666667,3.0,8.0,4.666666666666667,6.666666666666667
Cost Efficiency,E8,5.222222222222222,3.0,7.0,4.222222222222222,6.222222222222222
Implementation Complexity,E1,7.444444444444445,7.0,9.0,6.444444444444445,8.333333333333334
Implementation Complexity,E2,6.777777777777778,5.0,7.0,5.777777777777778,7.777777777777778
Implementation Complexity,E3,4.0,3.0,5.0,3.0,5.0
Implementation Complexity,E4,6.111111111111111,5.0,7.0,5.111111111111111,7.111111111111111
Implementation Complexity,E5,7.666666666666667,5.0,9.0,6.666666666666667,8.0
Implementation Complexity,E6,4.444444444444445,4.0,5.0,3.4444444444444446,5.444444444444445
Implementation Complexity,E7,5.0,3.0,8.0,4.0,6.0
Implementation Complexity,E8,4.777777777777778,3.0,7.0,3.7777777777777777,5.777777777777778
Data Dependency,E1,6.888888888888889,5.0,9.0,5.888888888888889,7.777777777777778
Data Dependency,E2,6.333333333333333,5.0,7.0,5.333333333333333,7.333333333333333
Data Dependency,E3,4.111111111111111,3.0,5.0,3.111111111111111,5.111111111111111
Data Dependency,E4,5.888888888888889,4.0,8.0,4.888888888888889,6.888888888888889
Data Dependency,E5,8.555555555555555,5.0,9.0,7.555555555555555,8.666666666666666
Data Dependency,E6,5.333333333333333,4.0,7.0,4.333333333333333,6.333333333333333
Data Dependency,E7,4.666666666666667,1.0,8.0,4.0,5.444444444444445
Data Dependency,E8,5.0,5.0,5.0,4.0,6.0
