Benefit_Share,Cost_Share,Criterion,w_hat,Scenario,Is_raw_FAHP
0.5,0.5,Effectiveness,0.0460027544971477,50/50,False
0.5,0.5,Regulatory Compliance,0.13947848930301862,50/50,False
0.5,0.5,Data Privacy,0.1277837293356767,50/50,False
0.5,0.5,Integration,0.05101402220136296,50/50,False
0.5,0.5,Scalability,0.030550791373122457,50/50,False
0.5,0.5,Stakeholder,0.045265453336593466,50/50,False
0.5,0.5,Innovation,0.03302790879855898,50/50,False
0.5,0.5,Time,0.02687685115451917,50/50,False
0.5,0.5,Cost,0.20762038517139864,50/50,False
0.5,0.5,Implementation,0.1420991376957399,50/50,False
0.5,0.5,Data Dependency,0.1502804771328614,50/50,False
0.6,0.4,Effectiveness,0.05520330539657724,60/40,False
0.6,0.4,Regulatory Compliance,0.16737418716362235,60/40,False
0.6,0.4,Data Privacy,0.15334047520281202,60/40,False
0.6,0.4,Integration,0.06121682664163555,60/40,False
0.6,0.4,Scalability,0.036660949647746945,60/40,False
0.6,0.4,Stakeholder,0.05431854400391216,60/40,False
0.6,0.4,Innovation,0.03963349055827077,60/40,False
0.6,0.4,Time,0.032252221385423004,60/40,False
0.6,0.4,Cost,0.16609630813711893,60/40,False
0.6,0.4,Implementation,0.11367931015659193,60/40,False
0.6,0.4,Data Dependency,0.12022438170628913,60/40,False
0.7,0.3,Effectiveness,0.06440385629600677,70/30,False
0.7,0.3,Regulatory Compliance,0.19526988502422607,70/30,False
0.7,0.3,Data Privacy,0.17889722106994735,70/30,False
0.7,0.3,Integration,0.07141963108190814,70/30,False
0.7,0.3,Scalability,0.04277110792237144,70/30,False
0.7,0.3,Stakeholder,0.06337163467123084,70/30,False
0.7,0.3,Innovation,0.04623907231798256,70/30,False
0.7,0.3,Time,0.03762759161632683,70/30,False
0.7,0.3,Cost,0.12457223110283917,70/30,False
0.7,0.3,Implementation,0.08525948261744394,70/30,False
0.7,0.3,Data Dependency,0.09016828627971685,70/30,False
0.75,0.25,Effectiveness,0.06900413174572155,75/25,False
0.75,0.25,Regulatory Compliance,0.20921773395452792,75/25,False
0.75,0.25,Data Privacy,0.19167559400351503,75/25,False
0.75,0.25,Integration,0.07652103330204443,75/25,False
0.75,0.25,Scalability,0.045826187059683686,75/25,False
0.75,0.25,Stakeholder,0.0678981800048902,75/25,False
0.75,0.25,Innovation,0.049541863197838466,75/25,False
0.75,0.25,Time,0.04031527673177875,75/25,False
0.75,0.25,Cost,0.10381019258569932,75/25,False
0.75,0.25,Implementation,0.07104956884786995,75/25,False
0.75,0.25,Data Dependency,0.0751402385664307,75/25,False
0.8,0.2,Effectiveness,0.07360440719543632,80/20,False
0.8,0.2,Regulatory Compliance,0.2231655828848298,80/20,False
0.8,0.2,Data Privacy,0.20445396693708273,80/20,False
0.8,0.2,Integration,0.08162243552218074,80/20,False
0.8,0.2,Scalability,0.04888126619699593,80/20,False
0.8,0.2,Stakeholder,0.07242472533854954,80/20,False
0.8,0.2,Innovation,0.05284465407769437,80/20,False
0.8,0.2,Time,0.043002961847230674,80/20,False
0.8,0.2,Cost,0.08304815406855946,80/20,False
0.8,0.2,Implementation,0.05683965507829596,80/20,False
0.8,0.2,Data Dependency,0.060112190853144565,80/20,False
0.8781155215184001,0.12188447848159989,Effectiveness,0.08079146551309156,raw_FAHP,True
0.8781155215184001,0.12188447848159989,Regulatory Compliance,0.24495645274983757,raw_FAHP,True
0.8781155215184001,0.12188447848159989,Data Privacy,0.22441775225432764,raw_FAHP,True
0.8781155215184001,0.12188447848159989,Integration,0.08959240942020215,raw_FAHP,True
0.8781155215184001,0.12188447848159989,Scalability,0.05365424819881853,raw_FAHP,True
0.8781155215184001,0.12188447848159989,Stakeholder,0.07949659432685915,raw_FAHP,True
0.8781155215184001,0.12188447848159989,Innovation,0.058004638718617545,raw_FAHP,True
0.8781155215184001,0.12188447848159989,Time,0.04720196033664603,raw_FAHP,True
0.8781155215184001,0.12188447848159989,Cost,0.05061140473752963,raw_FAHP,True
0.8781155215184001,0.12188447848159989,Implementation,0.03463935858146062,raw_FAHP,True
0.8781155215184001,0.12188447848159989,Data Dependency,0.036633715162609624,raw_FAHP,True
