Feature,Method,RC_raw_FAHP,Rank_raw_FAHP,RC_75_25,Rank_75_25,RC_diff_raw_minus_75_25,RC_abs_diff,Rank_shift_75_25_minus_raw,Rank_shift_abs,Flag_shift_ge_threshold
Federated Learning,Federated Learning,0.8429186759064102,1,0.8244136298260936,1,0.018505046080316667,0.018505046080316667,0,0,False
Secure ESG,Secure ESG Integration,0.8137410969568266,2,0.7993382567651096,2,0.014402840191717003,0.014402840191717003,0,0,False
Fraud & Greenwashing,Fraud & Greenwashing,0.7780273247068584,3,0.7266588965216585,3,0.05136842818519993,0.05136842818519993,0,0,False
Automated ESG,Automated ESG Scoring,0.5715080211073531,4,0.5747045522659696,4,-0.0031965311586165113,0.0031965311586165113,0,0,False
XAI,Explainable AI (XAI),0.4968873380332993,5,0.4514078666051979,5,0.04547947142810144,0.04547947142810144,0,0,False
Causal AI,Causal AI Risk,0.3933798225793179,6,0.42902678015682666,6,-0.03564695757750874,0.03564695757750874,0,0,False
Predictive,Predictive ESG Risk,0.3375275189730493,8,0.39126784710091467,7,-0.05374032812786539,0.05374032812786539,-1,1,False
NLP,NLP for ESG Reporting,0.36423846316938896,7,0.36242016617828227,8,0.0018182969911066937,0.0018182969911066937,1,1,False
Sentiment,Sentiment & Reputation,0.045643701925087134,9,0.043602570920166554,9,0.0020411310049205794,0.0020411310049205794,0,0,False
