Criterion,Column,Allocation_Group,Label_direction,TOPSIS_polarity_in_use,Rating_mean_m,Rating_min_l,Rating_max_u,Needs_questionnaire_check,Questionnaire_semantics_verified,Questionnaire_item_stem,Questionnaire_definition,Verified_rating_direction,Action,Pooled_spearman_rho,Pooled_rho_CI95_lo,Pooled_rho_CI95_hi,Empirical_verdict,Source_coding_confirmed_by_author
Effectiveness,Effectiveness,O,favorable,higher_is_better (benefit-type),6.680555555555555,2.0,9.0,False,True,B2: Please rate how well each AI Feature (Rows) contributes to achieving each Assessment Criterion (Column).,,high = more favorable,none (favorable by label),0.7580884192873818,0.4889576206634086,0.8570766134314387,CONSISTENT_WITH_FAVORABLE_CODING,False
Regulatory Compliance,Regulatory Compliance,O,favorable,higher_is_better (benefit-type),6.513888888888889,1.0,9.0,False,True,B2: Please rate how well each AI Feature (Rows) contributes to achieving each Assessment Criterion (Column).,,high = more favorable,none (favorable by label),0.7508480126024437,0.4024254339649244,0.8761356966142816,CONSISTENT_WITH_FAVORABLE_CODING,False
Data Privacy,Data Privacy,O,favorable,higher_is_better (benefit-type),5.611111111111111,1.0,9.0,False,True,B2: Please rate how well each AI Feature (Rows) contributes to achieving each Assessment Criterion (Column).,,high = more favorable,none (favorable by label),0.5436524604651136,0.24805944323395082,0.7762329373372185,CONSISTENT_WITH_FAVORABLE_CODING,False
Integration,Integration,O,favorable,higher_is_better (benefit-type),5.930555555555555,1.0,9.0,False,True,B2: Please rate how well each AI Feature (Rows) contributes to achieving each Assessment Criterion (Column).,,high = more favorable,none (favorable by label),0.8164376445145535,0.5756809838479467,0.9041805253582549,CONSISTENT_WITH_FAVORABLE_CODING,False
Scalability,Scalability,O,favorable,higher_is_better (benefit-type),5.694444444444445,1.0,9.0,False,True,B2: Please rate how well each AI Feature (Rows) contributes to achieving each Assessment Criterion (Column).,,high = more favorable,none (favorable by label),0.6428091813281211,0.37132114893061546,0.8266596970487888,CONSISTENT_WITH_FAVORABLE_CODING,False
Stakeholder Acceptance,Stakeholder,O,favorable,higher_is_better (benefit-type),6.819444444444445,2.0,9.0,False,True,B2: Please rate how well each AI Feature (Rows) contributes to achieving each Assessment Criterion (Column).,,high = more favorable,none (favorable by label),0.5832751833324822,0.15060229515448442,0.8081747795900595,CONSISTENT_WITH_FAVORABLE_CODING,False
Innovation Potential,Innovation,O,favorable,higher_is_better (benefit-type),6.555555555555555,3.0,9.0,False,True,B2: Please rate how well each AI Feature (Rows) contributes to achieving each Assessment Criterion (Column).,,high = more favorable,none (favorable by label),0.588784068773571,0.06685880377910051,0.8329367429689253,CONSISTENT_WITH_FAVORABLE_CODING,False
Time-to-Insight,Time,O,favorable,higher_is_better (benefit-type),6.458333333333333,2.0,9.0,False,True,B2: Please rate how well each AI Feature (Rows) contributes to achieving each Assessment Criterion (Column).,,high = more favorable,none (favorable by label),0.417932309749788,-0.07966874797969813,0.6217087898605789,INCONCLUSIVE,False
Cost Efficiency,Cost,S,favorable (higher = more cost-efficient),higher_is_better (benefit-type),6.138888888888889,1.0,9.0,True,True,B2: Please rate how well each AI Feature (Rows) contributes to achieving each Assessment Criterion (Column).,Lower cost and effort to implement or run the solution is preferred.,high = more favorable (simpler / cheaper / less data-dependent),"verified against questionnaire: retain higher-is-better, no reversal",0.6005617729864164,0.30117502819100994,0.7627947433475161,CONSISTENT_WITH_FAVORABLE_CODING,False
Implementation Complexity,Implementation,S,unfavorable-sounding label (rated construct: implementation simplicity),higher_is_better (benefit-type),5.777777777777778,2.0,9.0,True,True,B2: Please rate how well each AI Feature (Rows) contributes to achieving each Assessment Criterion (Column).,Simpler systems that are easier to deploy and manage are better.,high = more favorable (simpler / cheaper / less data-dependent),"verified against questionnaire: retain higher-is-better, no reversal",0.7299522887765709,0.4189022874917893,0.8303296361340764,CONSISTENT_WITH_FAVORABLE_CODING,False
Data Dependency,Data Dependency,S,unfavorable-sounding label (rated construct: low data dependence),higher_is_better (benefit-type),5.847222222222222,1.0,9.0,True,True,B2: Please rate how well each AI Feature (Rows) contributes to achieving each Assessment Criterion (Column).,Less reliance on rare or hard-to-access ESG data makes a solution more practical.,high = more favorable (simpler / cheaper / less data-dependent),"verified against questionnaire: retain higher-is-better, no reversal",0.7215409109990119,0.438255188711124,0.8502589457057006,CONSISTENT_WITH_FAVORABLE_CODING,False
