Method,D_plus,D_minus,RC,Rank
Federated Learning,0.03902081952773748,0.20939075806049753,0.8429186759064102,1
Secure ESG Integration,0.04606369332095965,0.20124632820473592,0.8137410969568266,2
Fraud & Greenwashing,0.05505153430519005,0.1929588761315355,0.7780273247068584,3
Automated ESG Scoring,0.10652769261727438,0.14208301158441036,0.5715080211073531,4
Explainable AI (XAI),0.1250063606262225,0.12345957966151418,0.4968873380332993,5
Causal AI Risk,0.15081421310023488,0.09779969509762491,0.3933798225793179,6
NLP for ESG Reporting,0.15772551211096353,0.09036359516226726,0.36423846316938896,7
Predictive ESG Risk,0.1643291400286789,0.08372514861730283,0.3375275189730493,8
Sentiment & Reputation,0.23642162763902627,0.01130726367329175,0.045643701925087134,9
