Criterion,FPIS_l,FPIS_m,FPIS_u,FNIS_l,FNIS_m,FNIS_u
Effectiveness,0.053080101342862736,0.06157291755772077,0.06900413174572155,0.04140247904743293,0.049895295262290966,0.05626490742343449
Regulatory Compliance,0.16737418716362235,0.19312406211187194,0.20921773395452792,0.10943696853006077,0.13196810910977913,0.15128051532096634
Data Privacy,0.1514855500995522,0.17621788480968317,0.19167559400351503,0.08656317148545839,0.10511242251805662,0.12366167355065485
Integration,0.058007880083807875,0.0678815618002007,0.07652103330204443,0.041963147294669524,0.05060261879651325,0.058007880083807875
Scalability,0.033974586958041356,0.04029544034558393,0.045826187059683686,0.02528341355017031,0.03160426693771289,0.03634490697836982
Stakeholder,0.05391914294505986,0.06190716412210577,0.0678981800048902,0.04293561382662174,0.05092363500366765,0.05691465088645208
Innovation,0.038354990862842685,0.044747489339983126,0.049541863197838466,0.030364367766417124,0.03675686624355757,0.04235030241105547
Time,0.031011751332137502,0.0359736315452795,0.04031527673177875,0.02418916603906725,0.02915104625220925,0.033492691438708505
Cost,0.0786948234117398,0.09208968697118487,0.10381019258569932,0.05692817012764156,0.068648675742156,0.08036918135667044
Implementation,0.05267468035273117,0.06247462088347185,0.07104956884786995,0.042874739821990485,0.05267468035273117,0.06247462088347185
Data Dependency,0.05696114859068134,0.06665666324441434,0.0751402385664307,0.041205937278365225,0.05090145193209822,0.05817308792239796
