Benefit_Share,Cost_Share,Method,RC,Rank,Spearman_rho_vs_75_25,Kendall_tau_vs_75_25,Scenario,Is_raw_FAHP,Is_primary,Feature,Spearman_rho_vs_primary,Kendall_tau_vs_primary
0.5,0.5,Federated Learning,0.7845477743586624,1,0.8833333333333333,0.7777777777777778,50/50,False,False,Federated Learning,0.8833333333333333,0.7777777777777778
0.5,0.5,Secure ESG Integration,0.7683586357622243,2,0.8833333333333333,0.7777777777777778,50/50,False,False,Secure ESG,0.8833333333333333,0.7777777777777778
0.5,0.5,Fraud & Greenwashing,0.6161632332947585,3,0.8833333333333333,0.7777777777777778,50/50,False,False,Fraud & Greenwashing,0.8833333333333333,0.7777777777777778
0.5,0.5,Automated ESG Scoring,0.5815880932795208,4,0.8833333333333333,0.7777777777777778,50/50,False,False,Automated ESG,0.8833333333333333,0.7777777777777778
0.5,0.5,Predictive ESG Risk,0.5066774411739997,5,0.8833333333333333,0.7777777777777778,50/50,False,False,Predictive,0.8833333333333333,0.7777777777777778
0.5,0.5,Causal AI Risk,0.5058576494146859,6,0.8833333333333333,0.7777777777777778,50/50,False,False,Causal AI,0.8833333333333333,0.7777777777777778
0.5,0.5,NLP for ESG Reporting,0.35851583551296107,7,0.8833333333333333,0.7777777777777778,50/50,False,False,NLP,0.8833333333333333,0.7777777777777778
0.5,0.5,Explainable AI (XAI),0.35346661134083157,8,0.8833333333333333,0.7777777777777778,50/50,False,False,XAI,0.8833333333333333,0.7777777777777778
0.5,0.5,Sentiment & Reputation,0.03922831460505425,9,0.8833333333333333,0.7777777777777778,50/50,False,False,Sentiment,0.8833333333333333,0.7777777777777778
0.6,0.4,Federated Learning,0.8011344619937573,1,0.9500000000000001,0.8888888888888888,60/40,False,False,Federated Learning,0.9500000000000001,0.8888888888888888
0.6,0.4,Secure ESG Integration,0.7812400133787853,2,0.9500000000000001,0.8888888888888888,60/40,False,False,Secure ESG,0.9500000000000001,0.8888888888888888
0.6,0.4,Fraud & Greenwashing,0.662108398560451,3,0.9500000000000001,0.8888888888888888,60/40,False,False,Fraud & Greenwashing,0.9500000000000001,0.8888888888888888
0.6,0.4,Automated ESG Scoring,0.5787245779528332,4,0.9500000000000001,0.8888888888888888,60/40,False,False,Automated ESG,0.9500000000000001,0.8888888888888888
0.6,0.4,Causal AI Risk,0.4738852647197799,5,0.9500000000000001,0.8888888888888888,60/40,False,False,Causal AI,0.9500000000000001,0.8888888888888888
0.6,0.4,Predictive ESG Risk,0.4587201751622349,6,0.9500000000000001,0.8888888888888888,60/40,False,False,Predictive,0.9500000000000001,0.8888888888888888
0.6,0.4,Explainable AI (XAI),0.39421028370755296,7,0.9500000000000001,0.8888888888888888,60/40,False,False,XAI,0.9500000000000001,0.8888888888888888
0.6,0.4,NLP for ESG Reporting,0.3601381507124791,8,0.9500000000000001,0.8888888888888888,60/40,False,False,NLP,0.9500000000000001,0.8888888888888888
0.6,0.4,Sentiment & Reputation,0.04104447649268972,9,0.9500000000000001,0.8888888888888888,60/40,False,False,Sentiment,0.9500000000000001,0.8888888888888888
0.7,0.3,Federated Learning,0.8168562252785992,1,0.9833333333333333,0.9444444444444445,70/30,False,False,Federated Learning,0.9833333333333333,0.9444444444444445
0.7,0.3,Secure ESG Integration,0.7934603110650252,2,0.9833333333333333,0.9444444444444445,70/30,False,False,Secure ESG,0.9833333333333333,0.9444444444444445
0.7,0.3,Fraud & Greenwashing,0.7056944651061949,3,0.9833333333333333,0.9444444444444445,70/30,False,False,Fraud & Greenwashing,0.9833333333333333,0.9444444444444445
0.7,0.3,Automated ESG Scoring,0.5760097670264275,4,0.9833333333333333,0.9444444444444445,70/30,False,False,Automated ESG,0.9833333333333333,0.9444444444444445
0.7,0.3,Causal AI Risk,0.4435879179201495,5,0.9833333333333333,0.9444444444444445,70/30,False,False,Causal AI,0.9833333333333333,0.9444444444444445
0.7,0.3,Explainable AI (XAI),0.43283725672053586,6,0.9833333333333333,0.9444444444444445,70/30,False,False,XAI,0.9833333333333333,0.9444444444444445
0.7,0.3,Predictive ESG Risk,0.4131843311367803,7,0.9833333333333333,0.9444444444444445,70/30,False,False,Predictive,0.9833333333333333,0.9444444444444445
0.7,0.3,NLP for ESG Reporting,0.361678670491621,8,0.9833333333333333,0.9444444444444445,70/30,False,False,NLP,0.9833333333333333,0.9444444444444445
0.7,0.3,Sentiment & Reputation,0.042770931676686205,9,0.9833333333333333,0.9444444444444445,70/30,False,False,Sentiment,0.9833333333333333,0.9444444444444445
0.75,0.25,Federated Learning,0.8244136298260936,1,1.0,1.0,75/25,False,True,Federated Learning,1.0,1.0
0.75,0.25,Secure ESG Integration,0.7993382567651096,2,1.0,1.0,75/25,False,True,Secure ESG,1.0,1.0
0.75,0.25,Fraud & Greenwashing,0.7266588965216585,3,1.0,1.0,75/25,False,True,Fraud & Greenwashing,1.0,1.0
0.75,0.25,Automated ESG Scoring,0.5747045522659696,4,1.0,1.0,75/25,False,True,Automated ESG,1.0,1.0
0.75,0.25,Explainable AI (XAI),0.4514078666051979,5,1.0,1.0,75/25,False,True,XAI,1.0,1.0
0.75,0.25,Causal AI Risk,0.42902678015682666,6,1.0,1.0,75/25,False,True,Causal AI,1.0,1.0
0.75,0.25,Predictive ESG Risk,0.39126784710091467,7,1.0,1.0,75/25,False,True,Predictive,1.0,1.0
0.75,0.25,NLP for ESG Reporting,0.36242016617828227,8,1.0,1.0,75/25,False,True,NLP,1.0,1.0
0.75,0.25,Sentiment & Reputation,0.043602570920166554,9,1.0,1.0,75/25,False,True,Sentiment,1.0,1.0
0.8,0.2,Federated Learning,0.8317789982469095,1,1.0,1.0,80/20,False,False,Federated Learning,1.0,1.0
0.8,0.2,Secure ESG Integration,0.8050691461461621,2,1.0,1.0,80/20,False,False,Secure ESG,1.0,1.0
0.8,0.2,Fraud & Greenwashing,0.7470985803210407,3,1.0,1.0,80/20,False,False,Fraud & Greenwashing,1.0,1.0
0.8,0.2,Automated ESG Scoring,0.573432370168901,4,1.0,1.0,80/20,False,False,Automated ESG,1.0,1.0
0.8,0.2,Explainable AI (XAI),0.4695083030865208,5,1.0,1.0,80/20,False,False,XAI,1.0,1.0
0.8,0.2,Causal AI Risk,0.41483733591960525,6,1.0,1.0,80/20,False,False,Causal AI,1.0,1.0
0.8,0.2,Predictive ESG Risk,0.36989103400068424,7,1.0,1.0,80/20,False,False,Predictive,1.0,1.0
0.8,0.2,NLP for ESG Reporting,0.36314342879597106,8,1.0,1.0,80/20,False,False,NLP,1.0,1.0
0.8,0.2,Sentiment & Reputation,0.04441416636884933,9,1.0,1.0,80/20,False,False,Sentiment,1.0,1.0
0.8781155215184001,0.12188447848159989,Federated Learning,0.8429186759064102,1,0.9833333333333333,0.9444444444444445,raw_FAHP,True,False,Federated Learning,0.9833333333333333,0.9444444444444445
0.8781155215184001,0.12188447848159989,Secure ESG Integration,0.8137410969568266,2,0.9833333333333333,0.9444444444444445,raw_FAHP,True,False,Secure ESG,0.9833333333333333,0.9444444444444445
0.8781155215184001,0.12188447848159989,Fraud & Greenwashing,0.7780273247068584,3,0.9833333333333333,0.9444444444444445,raw_FAHP,True,False,Fraud & Greenwashing,0.9833333333333333,0.9444444444444445
0.8781155215184001,0.12188447848159989,Automated ESG Scoring,0.5715080211073531,4,0.9833333333333333,0.9444444444444445,raw_FAHP,True,False,Automated ESG,0.9833333333333333,0.9444444444444445
0.8781155215184001,0.12188447848159989,Explainable AI (XAI),0.4968873380332993,5,0.9833333333333333,0.9444444444444445,raw_FAHP,True,False,XAI,0.9833333333333333,0.9444444444444445
0.8781155215184001,0.12188447848159989,Causal AI Risk,0.3933798225793179,6,0.9833333333333333,0.9444444444444445,raw_FAHP,True,False,Causal AI,0.9833333333333333,0.9444444444444445
0.8781155215184001,0.12188447848159989,NLP for ESG Reporting,0.36423846316938896,7,0.9833333333333333,0.9444444444444445,raw_FAHP,True,False,NLP,0.9833333333333333,0.9444444444444445
0.8781155215184001,0.12188447848159989,Predictive ESG Risk,0.3375275189730493,8,0.9833333333333333,0.9444444444444445,raw_FAHP,True,False,Predictive,0.9833333333333333,0.9444444444444445
0.8781155215184001,0.12188447848159989,Sentiment & Reputation,0.045643701925087134,9,0.9833333333333333,0.9444444444444445,raw_FAHP,True,False,Sentiment,0.9833333333333333,0.9444444444444445
