Criterion,w0_baseline,w_star,kappa_bar,ESI,kappa_bar_CR,ESI_CR,Rank_w_star,Rank_ESI,Rank_ESI_CR
Regulatory Compliance,0.2449564527498374,0.2449564527498374,0.7173367531419665,0.4880503251483871,0.8451007821183443,0.42951406869166964,1,6,9
Data Privacy,0.22441775225432758,0.22441775225432758,0.6124296317889735,0.5420323289625395,0.749587575832285,0.4725614083021947,2,5,8
Integration,0.08959240942020212,0.08959240942020212,0.1843404458123623,0.8316526229727077,0.11274085112178867,0.8933821491014182,3,1,1
Effectiveness,0.0807914655130915,0.0807914655130915,0.32689093071140496,0.7211623954066779,0.22979674348585988,0.7946951130472251,4,2,2
Stakeholder Acceptance,0.07949659432685918,0.07949659432685918,0.3649712056282559,0.6942166401221952,0.2618125929702684,0.769655248996869,5,3,3
Innovation Potential,0.058004638718617565,0.058004638718617565,0.6108834192447152,0.5428710744212456,0.5432830202399357,0.5808382151276948,6,4,4
Scalability,0.05365424819881854,0.05365424819881854,0.7648534776454947,0.4654021177928356,0.6558497958740555,0.5190008303706625,7,8,5
Cost Efficiency,0.050611404737529654,0.050611404737529654,0.7296015560583173,0.48210104206617865,0.6634875190422953,0.5150519451467253,8,7,6
Time-to-Insight,0.047201960336646025,0.047201960336646025,0.8021101824239136,0.44838179773298176,0.7415459100008359,0.47637691016624367,9,9,7
Data Dependency,0.03663371516260965,0.03663371516260965,1.1136610539526401,0.3283546338367796,1.0169650188193264,0.3616910014516981,10,10,10
Implementation Complexity,0.034639358581460604,0.034639358581460604,1.1443475276530268,0.31843161784882656,1.0565887789527189,0.34763966573045035,11,11,11
