Feature,D0_baseline,R0_baseline,Prominence0,Relation0_sanity_check,Delta_bar_D,FSI,D_star,R_star,Prominence_star,Relation_star_sanity_check,Rank_Prominence
XAI,16.352185492785196,16.352185492785196,32.70437098557039,0.0,0.14922358975753236,0.8613764984038008,16.3715200673911,16.371520067391096,32.74304013478219,3.552713678800501e-15,1
Predictive,15.866704906923221,15.866704906923221,31.733409813846443,0.0,0.14938054224241537,0.8612413138310113,15.886246217150697,15.886246217150697,31.772492434301395,0.0,2
NLP,15.726517694149944,15.726517694149942,31.453035388299888,1.7763568394002505e-15,0.14987203190498075,0.8608181266328746,15.748613548994152,15.748613548994154,31.497227097988308,-1.7763568394002505e-15,3
Federated Learning,15.585300540663155,15.585300540663157,31.17060108132631,-1.7763568394002505e-15,0.1494020523377793,0.8612227886474594,15.604685704597971,15.604685704597971,31.209371409195942,0.0,4
Causal AI,15.582246509056478,15.582246509056475,31.164493018112953,3.552713678800501e-15,0.14929521151397007,0.8613148073152694,15.600955683517997,15.600955683517997,31.201911367035994,0.0,5
Secure ESG,15.544443016014828,15.54444301601483,31.088886032029656,-1.7763568394002505e-15,0.14948683605245167,0.8611497740755445,15.564201681357973,15.564201681357972,31.128403362715943,1.7763568394002505e-15,6
Automated ESG,15.400124548426652,15.400124548426653,30.800249096853307,-1.7763568394002505e-15,0.14918439609545664,0.8614102595648067,15.41803388945627,15.418033889456272,30.836067778912543,-1.7763568394002505e-15,7
Fraud & Greenwashing,14.82143187822948,14.821431878229479,29.642863756458958,1.7763568394002505e-15,0.14951606299150616,0.8611246056713803,14.84037426632838,14.840374266328382,29.680748532656764,-1.7763568394002505e-15,8
Sentiment,14.085914724653016,14.085914724653017,28.17182944930603,-1.7763568394002505e-15,0.14949199786717995,0.8611453289914297,14.104116723450772,14.104116723450772,28.208233446901545,0.0,9
