Criterion,Column,In_polarity_audit,Reference,Pooled_spearman_rho,Pooled_rho_CI95_lo,Pooled_rho_CI95_hi,Share_experts_positive_rho,N_experts,Feature_level_spearman_rho,Empirical_verdict,Source_coding_confirmed_by_author
Effectiveness,Effectiveness,False,mean of the other outcome criteria,0.7580884192873818,0.4889576206634086,0.8570766134314387,0.875,8,0.5,CONSISTENT_WITH_FAVORABLE_CODING,False
Regulatory Compliance,Regulatory Compliance,False,mean of the other outcome criteria,0.7508480126024437,0.4024254339649244,0.8761356966142816,0.75,8,0.7949860383179369,CONSISTENT_WITH_FAVORABLE_CODING,False
Data Privacy,Data Privacy,False,mean of the other outcome criteria,0.5436524604651136,0.24805944323395082,0.7762329373372185,0.875,8,0.4453938776124895,CONSISTENT_WITH_FAVORABLE_CODING,False
Integration,Integration,False,mean of the other outcome criteria,0.8164376445145535,0.5756809838479467,0.9041805253582549,0.75,8,0.8342314001435737,CONSISTENT_WITH_FAVORABLE_CODING,False
Scalability,Scalability,False,mean of the other outcome criteria,0.6428091813281211,0.37132114893061546,0.8266596970487888,0.75,8,0.5166666666666667,CONSISTENT_WITH_FAVORABLE_CODING,False
Stakeholder Acceptance,Stakeholder,False,mean of the other outcome criteria,0.5832751833324822,0.15060229515448442,0.8081747795900595,0.5,8,0.4086031347641993,CONSISTENT_WITH_FAVORABLE_CODING,False
Innovation Potential,Innovation,False,mean of the other outcome criteria,0.588784068773571,0.06685880377910051,0.8329367429689253,0.5,8,-0.6470816712483337,CONSISTENT_WITH_FAVORABLE_CODING,False
Time-to-Insight,Time,False,mean of the other outcome criteria,0.417932309749788,-0.07966874797969813,0.6217087898605789,0.375,8,-0.6470816712483337,INCONCLUSIVE,False
Cost Efficiency,Cost,True,mean of the 8 outcome criteria,0.6005617729864164,0.30117502819100994,0.7627947433475161,0.625,8,0.033614632272640714,CONSISTENT_WITH_FAVORABLE_CODING,False
Implementation Complexity,Implementation,True,mean of the 8 outcome criteria,0.7299522887765709,0.4189022874917893,0.8303296361340764,0.75,8,-0.108787563138244,CONSISTENT_WITH_FAVORABLE_CODING,False
Data Dependency,Data Dependency,True,mean of the 8 outcome criteria,0.7215409109990119,0.438255188711124,0.8502589457057006,0.875,8,0.30125786715206027,CONSISTENT_WITH_FAVORABLE_CODING,False
